SpecimenID,Replicates,S,Structure,F,Filter,Rep_x,ParticleSize_nm,Penetration_pct,DeltaP_Pa,SpecBase,Rep_y
S1F1_R1,S1F11,1,Two-layer knit,1,Activated carbon,1,30,34.98186,51.380863483333336,S1F1,1
S1F1_R1,S1F11,1,Two-layer knit,1,Activated carbon,1,40,45.37278,51.380863483333336,S1F1,1
S1F1_R1,S1F11,1,Two-layer knit,1,Activated carbon,1,60,61.545717,51.380863483333336,S1F1,1
S1F1_R1,S1F11,1,Two-layer knit,1,Activated carbon,1,80,67.248935,51.380863483333336,S1F1,1
S1F1_R1,S1F11,1,Two-layer knit,1,Activated carbon,1,150,74.571959,51.380863483333336,S1F1,1
S1F1_R1,S1F11,1,Two-layer knit,1,Activated carbon,1,250,80.045242,51.380863483333336,S1F1,1
S1F1_R1,S1F11,1,Two-layer knit,1,Activated carbon,1,300,79.259777,51.380863483333336,S1F1,1
S1F1_R1,S1F11,1,Two-layer knit,1,Activated carbon,1,400,83.498554,51.380863483333336,S1F1,1
S1F1_R2,S1F12,1,Two-layer knit,1,Activated carbon,2,30,32.493567,46.94746306666665,S1F1,2
S1F1_R2,S1F12,1,Two-layer knit,1,Activated carbon,2,40,42.615998,46.94746306666665,S1F1,2
S1F1_R2,S1F12,1,Two-layer knit,1,Activated carbon,2,60,59.705355,46.94746306666665,S1F1,2
S1F1_R2,S1F12,1,Two-layer knit,1,Activated carbon,2,80,65.373078,46.94746306666665,S1F1,2
S1F1_R2,S1F12,1,Two-layer knit,1,Activated carbon,2,150,76.15784,46.94746306666665,S1F1,2
S1F1_R2,S1F12,1,Two-layer knit,1,Activated carbon,2,250,81.709003,46.94746306666665,S1F1,2
S1F1_R2,S1F12,1,Two-layer knit,1,Activated carbon,2,300,82.079179,46.94746306666665,S1F1,2
S1F1_R2,S1F12,1,Two-layer knit,1,Activated carbon,2,400,81.799614,46.94746306666665,S1F1,2
S1F1_R3,S1F13,1,Two-layer knit,1,Activated carbon,3,30,32.644058,48.85076068333333,S1F1,3
S1F1_R3,S1F13,1,Two-layer knit,1,Activated carbon,3,40,43.239022,48.85076068333333,S1F1,3
S1F1_R3,S1F13,1,Two-layer knit,1,Activated carbon,3,60,58.026679,48.85076068333333,S1F1,3
S1F1_R3,S1F13,1,Two-layer knit,1,Activated carbon,3,80,66.582354,48.85076068333333,S1F1,3
S1F1_R3,S1F13,1,Two-layer knit,1,Activated carbon,3,150,76.195199,48.85076068333333,S1F1,3
S1F1_R3,S1F13,1,Two-layer knit,1,Activated carbon,3,250,83.787879,48.85076068333333,S1F1,3
S1F1_R3,S1F13,1,Two-layer knit,1,Activated carbon,3,300,74.311111,48.85076068333333,S1F1,3
S1F1_R3,S1F13,1,Two-layer knit,1,Activated carbon,3,400,82.388445,48.85076068333333,S1F1,3
S1F1_R4,S1F14,1,Two-layer knit,1,Activated carbon,4,30,34.752049,39.64399771666666,S1F1,4
S1F1_R4,S1F14,1,Two-layer knit,1,Activated carbon,4,40,45.179871,39.64399771666666,S1F1,4
S1F1_R4,S1F14,1,Two-layer knit,1,Activated carbon,4,60,59.120779,39.64399771666666,S1F1,4
S1F1_R4,S1F14,1,Two-layer knit,1,Activated carbon,4,80,68.504212,39.64399771666666,S1F1,4
S1F1_R4,S1F14,1,Two-layer knit,1,Activated carbon,4,150,78.776558,39.64399771666666,S1F1,4
S1F1_R4,S1F14,1,Two-layer knit,1,Activated carbon,4,250,85.673806,39.64399771666666,S1F1,4
S1F1_R4,S1F14,1,Two-layer knit,1,Activated carbon,4,300,84.354839,39.64399771666666,S1F1,4
S1F1_R4,S1F14,1,Two-layer knit,1,Activated carbon,4,400,83.435458,39.64399771666666,S1F1,4
S1F1_R5,S1F15,1,Two-layer knit,1,Activated carbon,5,30,36.809225,36.626833783333325,S1F1,5
S1F1_R5,S1F15,1,Two-layer knit,1,Activated carbon,5,40,47.327039,36.626833783333325,S1F1,5
S1F1_R5,S1F15,1,Two-layer knit,1,Activated carbon,5,60,61.23857,36.626833783333325,S1F1,5
S1F1_R5,S1F15,1,Two-layer knit,1,Activated carbon,5,80,70.774627,36.626833783333325,S1F1,5
S1F1_R5,S1F15,1,Two-layer knit,1,Activated carbon,5,150,79.324353,36.626833783333325,S1F1,5
S1F1_R5,S1F15,1,Two-layer knit,1,Activated carbon,5,250,84.051495,36.626833783333325,S1F1,5
S1F1_R5,S1F15,1,Two-layer knit,1,Activated carbon,5,300,80.976812,36.626833783333325,S1F1,5
S1F1_R5,S1F15,1,Two-layer knit,1,Activated carbon,5,400,84.705007,36.626833783333325,S1F1,5
S1F2_R1,S1F21,1,Two-layer knit,2,Meltblown,1,30,10.925354,81.09404426666667,S1F2,1
S1F2_R1,S1F21,1,Two-layer knit,2,Meltblown,1,40,14.592417,81.09404426666667,S1F2,1
S1F2_R1,S1F21,1,Two-layer knit,2,Meltblown,1,60,18.583982,81.09404426666667,S1F2,1
S1F2_R1,S1F21,1,Two-layer knit,2,Meltblown,1,80,20.481937,81.09404426666667,S1F2,1
S1F2_R1,S1F21,1,Two-layer knit,2,Meltblown,1,150,21.612597,81.09404426666667,S1F2,1
S1F2_R1,S1F21,1,Two-layer knit,2,Meltblown,1,250,22.131764,81.09404426666667,S1F2,1
S1F2_R1,S1F21,1,Two-layer knit,2,Meltblown,1,300,20.492309,81.09404426666667,S1F2,1
S1F2_R1,S1F21,1,Two-layer knit,2,Meltblown,1,400,17.771825,81.09404426666667,S1F2,1
S1F2_R2,S1F22,1,Two-layer knit,2,Meltblown,2,30,10.292864,85.46288456666667,S1F2,2
S1F2_R2,S1F22,1,Two-layer knit,2,Meltblown,2,40,14.356975,85.46288456666667,S1F2,2
S1F2_R2,S1F22,1,Two-layer knit,2,Meltblown,2,60,18.647524,85.46288456666667,S1F2,2
S1F2_R2,S1F22,1,Two-layer knit,2,Meltblown,2,80,20.613007,85.46288456666667,S1F2,2
S1F2_R2,S1F22,1,Two-layer knit,2,Meltblown,2,150,23.245781,85.46288456666667,S1F2,2
S1F2_R2,S1F22,1,Two-layer knit,2,Meltblown,2,250,23.237066,85.46288456666667,S1F2,2
S1F2_R2,S1F22,1,Two-layer knit,2,Meltblown,2,300,21.594902,85.46288456666667,S1F2,2
S1F2_R2,S1F22,1,Two-layer knit,2,Meltblown,2,400,18.821541,85.46288456666667,S1F2,2
S1F2_R3,S1F23,1,Two-layer knit,2,Meltblown,3,30,12.735506,92.79413528333332,S1F2,3
S1F2_R3,S1F23,1,Two-layer knit,2,Meltblown,3,40,16.691178,92.79413528333332,S1F2,3
S1F2_R3,S1F23,1,Two-layer knit,2,Meltblown,3,60,21.241613,92.79413528333332,S1F2,3
S1F2_R3,S1F23,1,Two-layer knit,2,Meltblown,3,80,23.65514,92.79413528333332,S1F2,3
S1F2_R3,S1F23,1,Two-layer knit,2,Meltblown,3,150,28.518698,92.79413528333332,S1F2,3
S1F2_R3,S1F23,1,Two-layer knit,2,Meltblown,3,250,29.540118,92.79413528333332,S1F2,3
S1F2_R3,S1F23,1,Two-layer knit,2,Meltblown,3,300,27.812816,92.79413528333332,S1F2,3
S1F2_R3,S1F23,1,Two-layer knit,2,Meltblown,3,400,24.506607,92.79413528333332,S1F2,3
S1F2_R4,S1F24,1,Two-layer knit,2,Meltblown,4,30,10.793165,91.71050598333333,S1F2,4
S1F2_R4,S1F24,1,Two-layer knit,2,Meltblown,4,40,14.708855,91.71050598333333,S1F2,4
S1F2_R4,S1F24,1,Two-layer knit,2,Meltblown,4,60,19.628439,91.71050598333333,S1F2,4
S1F2_R4,S1F24,1,Two-layer knit,2,Meltblown,4,80,21.74445,91.71050598333333,S1F2,4
S1F2_R4,S1F24,1,Two-layer knit,2,Meltblown,4,150,25.84237,91.71050598333333,S1F2,4
S1F2_R4,S1F24,1,Two-layer knit,2,Meltblown,4,250,25.737739,91.71050598333333,S1F2,4
S1F2_R4,S1F24,1,Two-layer knit,2,Meltblown,4,300,24.193438,91.71050598333333,S1F2,4
S1F2_R4,S1F24,1,Two-layer knit,2,Meltblown,4,400,21.067832,91.71050598333333,S1F2,4
S1F2_R5,S1F25,1,Two-layer knit,2,Meltblown,5,30,12.184996,91.15152978333333,S1F2,5
S1F2_R5,S1F25,1,Two-layer knit,2,Meltblown,5,40,16.089635,91.15152978333333,S1F2,5
S1F2_R5,S1F25,1,Two-layer knit,2,Meltblown,5,60,20.250855,91.15152978333333,S1F2,5
S1F2_R5,S1F25,1,Two-layer knit,2,Meltblown,5,80,21.724033,91.15152978333333,S1F2,5
S1F2_R5,S1F25,1,Two-layer knit,2,Meltblown,5,150,25.575591,91.15152978333333,S1F2,5
S1F2_R5,S1F25,1,Two-layer knit,2,Meltblown,5,250,26.163749,91.15152978333333,S1F2,5
S1F2_R5,S1F25,1,Two-layer knit,2,Meltblown,5,300,24.618097,91.15152978333333,S1F2,5
S1F2_R5,S1F25,1,Two-layer knit,2,Meltblown,5,400,21.429364,91.15152978333333,S1F2,5
S1F3_R1,S1F31,1,Two-layer knit,3,Glass fiber,1,30,1.560582,150.43814729999997,S1F3,1
S1F3_R1,S1F31,1,Two-layer knit,3,Glass fiber,1,40,3.525781,150.43814729999997,S1F3,1
S1F3_R1,S1F31,1,Two-layer knit,3,Glass fiber,1,60,8.669941,150.43814729999997,S1F3,1
S1F3_R1,S1F31,1,Two-layer knit,3,Glass fiber,1,80,13.55196,150.43814729999997,S1F3,1
S1F3_R1,S1F31,1,Two-layer knit,3,Glass fiber,1,150,18.361842,150.43814729999997,S1F3,1
S1F3_R1,S1F31,1,Two-layer knit,3,Glass fiber,1,250,15.087709,150.43814729999997,S1F3,1
S1F3_R1,S1F31,1,Two-layer knit,3,Glass fiber,1,300,12.916026,150.43814729999997,S1F3,1
S1F3_R1,S1F31,1,Two-layer knit,3,Glass fiber,1,400,9.324665,150.43814729999997,S1F3,1
S1F3_R2,S1F32,1,Two-layer knit,3,Glass fiber,2,30,2.189299,160.3526199,S1F3,2
S1F3_R2,S1F32,1,Two-layer knit,3,Glass fiber,2,40,4.405787,160.3526199,S1F3,2
S1F3_R2,S1F32,1,Two-layer knit,3,Glass fiber,2,60,11.034399,160.3526199,S1F3,2
S1F3_R2,S1F32,1,Two-layer knit,3,Glass fiber,2,80,14.792488,160.3526199,S1F3,2
S1F3_R2,S1F32,1,Two-layer knit,3,Glass fiber,2,150,19.258098,160.3526199,S1F3,2
S1F3_R2,S1F32,1,Two-layer knit,3,Glass fiber,2,250,15.963876,160.3526199,S1F3,2
S1F3_R2,S1F32,1,Two-layer knit,3,Glass fiber,2,300,13.616157,160.3526199,S1F3,2
S1F3_R2,S1F32,1,Two-layer knit,3,Glass fiber,2,400,9.981808,160.3526199,S1F3,2
S1F3_R3,S1F33,1,Two-layer knit,3,Glass fiber,3,30,1.986151,154.95081773333334,S1F3,3
S1F3_R3,S1F33,1,Two-layer knit,3,Glass fiber,3,40,4.231493,154.95081773333334,S1F3,3
S1F3_R3,S1F33,1,Two-layer knit,3,Glass fiber,3,60,10.785429,154.95081773333334,S1F3,3
S1F3_R3,S1F33,1,Two-layer knit,3,Glass fiber,3,80,14.698874,154.95081773333334,S1F3,3
S1F3_R3,S1F33,1,Two-layer knit,3,Glass fiber,3,150,19.965345,154.95081773333334,S1F3,3
S1F3_R3,S1F33,1,Two-layer knit,3,Glass fiber,3,250,15.991844,154.95081773333334,S1F3,3
S1F3_R3,S1F33,1,Two-layer knit,3,Glass fiber,3,300,13.577419,154.95081773333334,S1F3,3
S1F3_R3,S1F33,1,Two-layer knit,3,Glass fiber,3,400,9.881772,154.95081773333334,S1F3,3
S1F3_R4,S1F34,1,Two-layer knit,3,Glass fiber,4,30,2.237494,163.58226016666666,S1F3,4
S1F3_R4,S1F34,1,Two-layer knit,3,Glass fiber,4,40,4.203254,163.58226016666666,S1F3,4
S1F3_R4,S1F34,1,Two-layer knit,3,Glass fiber,4,60,10.302193,163.58226016666666,S1F3,4
S1F3_R4,S1F34,1,Two-layer knit,3,Glass fiber,4,80,14.213599,163.58226016666666,S1F3,4
S1F3_R4,S1F34,1,Two-layer knit,3,Glass fiber,4,150,18.539381,163.58226016666666,S1F3,4
S1F3_R4,S1F34,1,Two-layer knit,3,Glass fiber,4,250,15.719738,163.58226016666666,S1F3,4
S1F3_R4,S1F34,1,Two-layer knit,3,Glass fiber,4,300,13.84521,163.58226016666666,S1F3,4
S1F3_R4,S1F34,1,Two-layer knit,3,Glass fiber,4,400,10.33881,163.58226016666666,S1F3,4
S1F3_R5,S1F35,1,Two-layer knit,3,Glass fiber,5,30,1.787422,161.4501418833333,S1F3,5
S1F3_R5,S1F35,1,Two-layer knit,3,Glass fiber,5,40,3.79577,161.4501418833333,S1F3,5
S1F3_R5,S1F35,1,Two-layer knit,3,Glass fiber,5,60,9.599162,161.4501418833333,S1F3,5
S1F3_R5,S1F35,1,Two-layer knit,3,Glass fiber,5,80,13.340171,161.4501418833333,S1F3,5
S1F3_R5,S1F35,1,Two-layer knit,3,Glass fiber,5,150,17.943916,161.4501418833333,S1F3,5
S1F3_R5,S1F35,1,Two-layer knit,3,Glass fiber,5,250,15.220659,161.4501418833333,S1F3,5
S1F3_R5,S1F35,1,Two-layer knit,3,Glass fiber,5,300,13.009808,161.4501418833333,S1F3,5
S1F3_R5,S1F35,1,Two-layer knit,3,Glass fiber,5,400,9.61533,161.4501418833333,S1F3,5
S2F1_R1,S2F11,2,Four-layer knit,1,Activated carbon,1,30,22.385877,68.43290645,S2F1,1
S2F1_R1,S2F11,2,Four-layer knit,1,Activated carbon,1,40,31.212306,68.43290645,S2F1,1
S2F1_R1,S2F11,2,Four-layer knit,1,Activated carbon,1,60,46.232858,68.43290645,S2F1,1
S2F1_R1,S2F11,2,Four-layer knit,1,Activated carbon,1,80,55.918393,68.43290645,S2F1,1
S2F1_R1,S2F11,2,Four-layer knit,1,Activated carbon,1,150,68.543675,68.43290645,S2F1,1
S2F1_R1,S2F11,2,Four-layer knit,1,Activated carbon,1,250,74.268534,68.43290645,S2F1,1
S2F1_R1,S2F11,2,Four-layer knit,1,Activated carbon,1,300,75.299042,68.43290645,S2F1,1
S2F1_R1,S2F11,2,Four-layer knit,1,Activated carbon,1,400,74.397244,68.43290645,S2F1,1
S2F1_R2,S2F12,2,Four-layer knit,1,Activated carbon,2,30,21.511021,69.61051566666667,S2F1,2
S2F1_R2,S2F12,2,Four-layer knit,1,Activated carbon,2,40,30.550304,69.61051566666667,S2F1,2
S2F1_R2,S2F12,2,Four-layer knit,1,Activated carbon,2,60,45.617471,69.61051566666667,S2F1,2
S2F1_R2,S2F12,2,Four-layer knit,1,Activated carbon,2,80,53.949528,69.61051566666667,S2F1,2
S2F1_R2,S2F12,2,Four-layer knit,1,Activated carbon,2,150,70.114701,69.61051566666667,S2F1,2
S2F1_R2,S2F12,2,Four-layer knit,1,Activated carbon,2,250,74.073955,69.61051566666667,S2F1,2
S2F1_R2,S2F12,2,Four-layer knit,1,Activated carbon,2,300,76.736239,69.61051566666667,S2F1,2
S2F1_R2,S2F12,2,Four-layer knit,1,Activated carbon,2,400,74.114733,69.61051566666667,S2F1,2
S2F1_R3,S2F13,2,Four-layer knit,1,Activated carbon,3,30,20.999378,83.72384749999999,S2F1,3
S2F1_R3,S2F13,2,Four-layer knit,1,Activated carbon,3,40,29.88862,83.72384749999999,S2F1,3
S2F1_R3,S2F13,2,Four-layer knit,1,Activated carbon,3,60,45.22273,83.72384749999999,S2F1,3
S2F1_R3,S2F13,2,Four-layer knit,1,Activated carbon,3,80,53.319555,83.72384749999999,S2F1,3
S2F1_R3,S2F13,2,Four-layer knit,1,Activated carbon,3,150,66.409406,83.72384749999999,S2F1,3
S2F1_R3,S2F13,2,Four-layer knit,1,Activated carbon,3,250,72.785953,83.72384749999999,S2F1,3
S2F1_R3,S2F13,2,Four-layer knit,1,Activated carbon,3,300,75.35908,83.72384749999999,S2F1,3
S2F1_R3,S2F13,2,Four-layer knit,1,Activated carbon,3,400,74.643984,83.72384749999999,S2F1,3
S2F1_R4,S2F14,2,Four-layer knit,1,Activated carbon,4,30,23.314909,70.65491856666667,S2F1,4
S2F1_R4,S2F14,2,Four-layer knit,1,Activated carbon,4,40,32.899151,70.65491856666667,S2F1,4
S2F1_R4,S2F14,2,Four-layer knit,1,Activated carbon,4,60,49.458537,70.65491856666667,S2F1,4
S2F1_R4,S2F14,2,Four-layer knit,1,Activated carbon,4,80,56.559512,70.65491856666667,S2F1,4
S2F1_R4,S2F14,2,Four-layer knit,1,Activated carbon,4,150,69.51697,70.65491856666667,S2F1,4
S2F1_R4,S2F14,2,Four-layer knit,1,Activated carbon,4,250,74.228099,70.65491856666667,S2F1,4
S2F1_R4,S2F14,2,Four-layer knit,1,Activated carbon,4,300,76.685894,70.65491856666667,S2F1,4
S2F1_R4,S2F14,2,Four-layer knit,1,Activated carbon,4,400,76.269675,70.65491856666667,S2F1,4
S2F1_R5,S2F15,2,Four-layer knit,1,Activated carbon,5,30,20.906078,73.02076081666665,S2F1,5
S2F1_R5,S2F15,2,Four-layer knit,1,Activated carbon,5,40,30.213042,73.02076081666665,S2F1,5
S2F1_R5,S2F15,2,Four-layer knit,1,Activated carbon,5,60,46.873918,73.02076081666665,S2F1,5
S2F1_R5,S2F15,2,Four-layer knit,1,Activated carbon,5,80,52.90315,73.02076081666665,S2F1,5
S2F1_R5,S2F15,2,Four-layer knit,1,Activated carbon,5,150,66.817413,73.02076081666665,S2F1,5
S2F1_R5,S2F15,2,Four-layer knit,1,Activated carbon,5,250,76.553512,73.02076081666665,S2F1,5
S2F1_R5,S2F15,2,Four-layer knit,1,Activated carbon,5,300,74.528012,73.02076081666665,S2F1,5
S2F1_R5,S2F15,2,Four-layer knit,1,Activated carbon,5,400,74.027073,73.02076081666665,S2F1,5
S2F2_R1,S2F21,2,Four-layer knit,2,Meltblown,1,30,9.112867,110.4084233166667,S2F2,1
S2F2_R1,S2F21,2,Four-layer knit,2,Meltblown,1,40,12.378526,110.4084233166667,S2F2,1
S2F2_R1,S2F21,2,Four-layer knit,2,Meltblown,1,60,17.567925,110.4084233166667,S2F2,1
S2F2_R1,S2F21,2,Four-layer knit,2,Meltblown,1,80,19.507032,110.4084233166667,S2F2,1
S2F2_R1,S2F21,2,Four-layer knit,2,Meltblown,1,150,23.698039,110.4084233166667,S2F2,1
S2F2_R1,S2F21,2,Four-layer knit,2,Meltblown,1,250,24.3389,110.4084233166667,S2F2,1
S2F2_R1,S2F21,2,Four-layer knit,2,Meltblown,1,300,22.808805,110.4084233166667,S2F2,1
S2F2_R1,S2F21,2,Four-layer knit,2,Meltblown,1,400,19.908979,110.4084233166667,S2F2,1
S2F2_R2,S2F22,2,Four-layer knit,2,Meltblown,2,30,5.683911,106.24797326666665,S2F2,2
S2F2_R2,S2F22,2,Four-layer knit,2,Meltblown,2,40,8.530413,106.24797326666665,S2F2,2
S2F2_R2,S2F22,2,Four-layer knit,2,Meltblown,2,60,12.104855,106.24797326666665,S2F2,2
S2F2_R2,S2F22,2,Four-layer knit,2,Meltblown,2,80,13.884838,106.24797326666665,S2F2,2
S2F2_R2,S2F22,2,Four-layer knit,2,Meltblown,2,150,16.388948,106.24797326666665,S2F2,2
S2F2_R2,S2F22,2,Four-layer knit,2,Meltblown,2,250,16.305845,106.24797326666665,S2F2,2
S2F2_R2,S2F22,2,Four-layer knit,2,Meltblown,2,300,15.283281,106.24797326666665,S2F2,2
S2F2_R2,S2F22,2,Four-layer knit,2,Meltblown,2,400,13.154811,106.24797326666665,S2F2,2
S2F2_R3,S2F23,2,Four-layer knit,2,Meltblown,3,30,9.215375,120.22809878333332,S2F2,3
S2F2_R3,S2F23,2,Four-layer knit,2,Meltblown,3,40,12.545972,120.22809878333332,S2F2,3
S2F2_R3,S2F23,2,Four-layer knit,2,Meltblown,3,60,17.226535,120.22809878333332,S2F2,3
S2F2_R3,S2F23,2,Four-layer knit,2,Meltblown,3,80,19.657439,120.22809878333332,S2F2,3
S2F2_R3,S2F23,2,Four-layer knit,2,Meltblown,3,150,23.692466,120.22809878333332,S2F2,3
S2F2_R3,S2F23,2,Four-layer knit,2,Meltblown,3,250,24.755575,120.22809878333332,S2F2,3
S2F2_R3,S2F23,2,Four-layer knit,2,Meltblown,3,300,23.301019,120.22809878333332,S2F2,3
S2F2_R3,S2F23,2,Four-layer knit,2,Meltblown,3,400,20.428957,120.22809878333332,S2F2,3
S2F2_R4,S2F24,2,Four-layer knit,2,Meltblown,4,30,6.94076,115.87887168333333,S2F2,4
S2F2_R4,S2F24,2,Four-layer knit,2,Meltblown,4,40,9.957248,115.87887168333333,S2F2,4
S2F2_R4,S2F24,2,Four-layer knit,2,Meltblown,4,60,13.920293,115.87887168333333,S2F2,4
S2F2_R4,S2F24,2,Four-layer knit,2,Meltblown,4,80,15.301777,115.87887168333333,S2F2,4
S2F2_R4,S2F24,2,Four-layer knit,2,Meltblown,4,150,17.207216,115.87887168333333,S2F2,4
S2F2_R4,S2F24,2,Four-layer knit,2,Meltblown,4,250,17.022543,115.87887168333333,S2F2,4
S2F2_R4,S2F24,2,Four-layer knit,2,Meltblown,4,300,15.950099,115.87887168333333,S2F2,4
S2F2_R4,S2F24,2,Four-layer knit,2,Meltblown,4,400,13.60293,115.87887168333333,S2F2,4
S2F2_R5,S2F25,2,Four-layer knit,2,Meltblown,5,30,5.995826,122.34223829999998,S2F2,5
S2F2_R5,S2F25,2,Four-layer knit,2,Meltblown,5,40,9.274217,122.34223829999998,S2F2,5
S2F2_R5,S2F25,2,Four-layer knit,2,Meltblown,5,60,14.000574,122.34223829999998,S2F2,5
S2F2_R5,S2F25,2,Four-layer knit,2,Meltblown,5,80,15.998789,122.34223829999998,S2F2,5
S2F2_R5,S2F25,2,Four-layer knit,2,Meltblown,5,150,19.948998,122.34223829999998,S2F2,5
S2F2_R5,S2F25,2,Four-layer knit,2,Meltblown,5,250,20.422484,122.34223829999998,S2F2,5
S2F2_R5,S2F25,2,Four-layer knit,2,Meltblown,5,300,19.510487,122.34223829999998,S2F2,5
S2F2_R5,S2F25,2,Four-layer knit,2,Meltblown,5,400,17.531214,122.34223829999998,S2F2,5
S2F3_R1,S2F31,2,Four-layer knit,3,Glass fiber,1,30,1.323296,187.59290305,S2F3,1
S2F3_R1,S2F31,2,Four-layer knit,3,Glass fiber,1,40,2.97972,187.59290305,S2F3,1
S2F3_R1,S2F31,2,Four-layer knit,3,Glass fiber,1,60,7.445538,187.59290305,S2F3,1
S2F3_R1,S2F31,2,Four-layer knit,3,Glass fiber,1,80,11.650182,187.59290305,S2F3,1
S2F3_R1,S2F31,2,Four-layer knit,3,Glass fiber,1,150,15.994363,187.59290305,S2F3,1
S2F3_R1,S2F31,2,Four-layer knit,3,Glass fiber,1,250,14.152705,187.59290305,S2F3,1
S2F3_R1,S2F31,2,Four-layer knit,3,Glass fiber,1,300,12.161599,187.59290305,S2F3,1
S2F3_R1,S2F31,2,Four-layer knit,3,Glass fiber,1,400,8.63367,187.59290305,S2F3,1
S2F3_R2,S2F32,2,Four-layer knit,3,Glass fiber,2,30,0.924528,191.35700301666665,S2F3,2
S2F3_R2,S2F32,2,Four-layer knit,3,Glass fiber,2,40,2.241129,191.35700301666665,S2F3,2
S2F3_R2,S2F32,2,Four-layer knit,3,Glass fiber,2,60,7.002565,191.35700301666665,S2F3,2
S2F3_R2,S2F32,2,Four-layer knit,3,Glass fiber,2,80,8.617211,191.35700301666665,S2F3,2
S2F3_R2,S2F32,2,Four-layer knit,3,Glass fiber,2,150,14.626644,191.35700301666665,S2F3,2
S2F3_R2,S2F32,2,Four-layer knit,3,Glass fiber,2,250,12.586567,191.35700301666665,S2F3,2
S2F3_R2,S2F32,2,Four-layer knit,3,Glass fiber,2,300,10.950826,191.35700301666665,S2F3,2
S2F3_R2,S2F32,2,Four-layer knit,3,Glass fiber,2,400,7.874665,191.35700301666665,S2F3,2
S2F3_R3,S2F33,2,Four-layer knit,3,Glass fiber,3,30,1.16398,197.73701353333334,S2F3,3
S2F3_R3,S2F33,2,Four-layer knit,3,Glass fiber,3,40,2.735484,197.73701353333334,S2F3,3
S2F3_R3,S2F33,2,Four-layer knit,3,Glass fiber,3,60,7.093556,197.73701353333334,S2F3,3
S2F3_R3,S2F33,2,Four-layer knit,3,Glass fiber,3,80,11.659544,197.73701353333334,S2F3,3
S2F3_R3,S2F33,2,Four-layer knit,3,Glass fiber,3,150,16.264111,197.73701353333334,S2F3,3
S2F3_R3,S2F33,2,Four-layer knit,3,Glass fiber,3,250,13.667813,197.73701353333334,S2F3,3
S2F3_R3,S2F33,2,Four-layer knit,3,Glass fiber,3,300,11.718849,197.73701353333334,S2F3,3
S2F3_R3,S2F33,2,Four-layer knit,3,Glass fiber,3,400,8.391026,197.73701353333334,S2F3,3
S2F3_R4,S2F34,2,Four-layer knit,3,Glass fiber,4,30,0.939061,181.73918006666665,S2F3,4
S2F3_R4,S2F34,2,Four-layer knit,3,Glass fiber,4,40,2.271877,181.73918006666665,S2F3,4
S2F3_R4,S2F34,2,Four-layer knit,3,Glass fiber,4,60,7.035967,181.73918006666665,S2F3,4
S2F3_R4,S2F34,2,Four-layer knit,3,Glass fiber,4,80,8.570086,181.73918006666665,S2F3,4
S2F3_R4,S2F34,2,Four-layer knit,3,Glass fiber,4,150,14.999649,181.73918006666665,S2F3,4
S2F3_R4,S2F34,2,Four-layer knit,3,Glass fiber,4,250,12.718878,181.73918006666665,S2F3,4
S2F3_R4,S2F34,2,Four-layer knit,3,Glass fiber,4,300,10.931854,181.73918006666665,S2F3,4
S2F3_R4,S2F34,2,Four-layer knit,3,Glass fiber,4,400,7.929604,181.73918006666665,S2F3,4
S2F3_R5,S2F35,2,Four-layer knit,3,Glass fiber,5,30,0.96913,177.91215441666665,S2F3,5
S2F3_R5,S2F35,2,Four-layer knit,3,Glass fiber,5,40,2.325668,177.91215441666665,S2F3,5
S2F3_R5,S2F35,2,Four-layer knit,3,Glass fiber,5,60,7.168455,177.91215441666665,S2F3,5
S2F3_R5,S2F35,2,Four-layer knit,3,Glass fiber,5,80,8.700693,177.91215441666665,S2F3,5
S2F3_R5,S2F35,2,Four-layer knit,3,Glass fiber,5,150,15.002712,177.91215441666665,S2F3,5
S2F3_R5,S2F35,2,Four-layer knit,3,Glass fiber,5,250,12.770223,177.91215441666665,S2F3,5
S2F3_R5,S2F35,2,Four-layer knit,3,Glass fiber,5,300,10.971619,177.91215441666665,S2F3,5
S2F3_R5,S2F35,2,Four-layer knit,3,Glass fiber,5,400,7.956109,177.91215441666665,S2F3,5
S3F1_R1,S3F11,3,Two-layer woven,1,Activated carbon,1,30,15.32594,240.63761966666664,S3F1,1
S3F1_R1,S3F11,3,Two-layer woven,1,Activated carbon,1,40,21.041917,240.63761966666664,S3F1,1
S3F1_R1,S3F11,3,Two-layer woven,1,Activated carbon,1,60,32.141428,240.63761966666664,S3F1,1
S3F1_R1,S3F11,3,Two-layer woven,1,Activated carbon,1,80,37.642438,240.63761966666664,S3F1,1
S3F1_R1,S3F11,3,Two-layer woven,1,Activated carbon,1,150,52.792862,240.63761966666664,S3F1,1
S3F1_R1,S3F11,3,Two-layer woven,1,Activated carbon,1,250,55.656693,240.63761966666664,S3F1,1
S3F1_R1,S3F11,3,Two-layer woven,1,Activated carbon,1,300,60.526044,240.63761966666664,S3F1,1
S3F1_R1,S3F11,3,Two-layer woven,1,Activated carbon,1,400,59.184584,240.63761966666664,S3F1,1
S3F1_R2,S3F12,3,Two-layer woven,1,Activated carbon,2,30,15.406374,237.24371884999996,S3F1,2
S3F1_R2,S3F12,3,Two-layer woven,1,Activated carbon,2,40,20.719774,237.24371884999996,S3F1,2
S3F1_R2,S3F12,3,Two-layer woven,1,Activated carbon,2,60,31.592318,237.24371884999996,S3F1,2
S3F1_R2,S3F12,3,Two-layer woven,1,Activated carbon,2,80,37.531474,237.24371884999996,S3F1,2
S3F1_R2,S3F12,3,Two-layer woven,1,Activated carbon,2,150,50.095832,237.24371884999996,S3F1,2
S3F1_R2,S3F12,3,Two-layer woven,1,Activated carbon,2,250,59.385417,237.24371884999996,S3F1,2
S3F1_R2,S3F12,3,Two-layer woven,1,Activated carbon,2,300,58.725344,237.24371884999996,S3F1,2
S3F1_R2,S3F12,3,Two-layer woven,1,Activated carbon,2,400,57.972148,237.24371884999996,S3F1,2
S3F1_R3,S3F13,3,Two-layer woven,1,Activated carbon,3,30,13.739974,233.92745361666667,S3F1,3
S3F1_R3,S3F13,3,Two-layer woven,1,Activated carbon,3,40,18.542737,233.92745361666667,S3F1,3
S3F1_R3,S3F13,3,Two-layer woven,1,Activated carbon,3,60,27.023597,233.92745361666667,S3F1,3
S3F1_R3,S3F13,3,Two-layer woven,1,Activated carbon,3,80,33.254712,233.92745361666667,S3F1,3
S3F1_R3,S3F13,3,Two-layer woven,1,Activated carbon,3,150,45.831745,233.92745361666667,S3F1,3
S3F1_R3,S3F13,3,Two-layer woven,1,Activated carbon,3,250,53.890971,233.92745361666667,S3F1,3
S3F1_R3,S3F13,3,Two-layer woven,1,Activated carbon,3,300,55.641498,233.92745361666667,S3F1,3
S3F1_R3,S3F13,3,Two-layer woven,1,Activated carbon,3,400,54.740452,233.92745361666667,S3F1,3
S3F1_R4,S3F14,3,Two-layer woven,1,Activated carbon,4,30,14.244773,239.99855623333335,S3F1,4
S3F1_R4,S3F14,3,Two-layer woven,1,Activated carbon,4,40,18.331213,239.99855623333335,S3F1,4
S3F1_R4,S3F14,3,Two-layer woven,1,Activated carbon,4,60,27.203268,239.99855623333335,S3F1,4
S3F1_R4,S3F14,3,Two-layer woven,1,Activated carbon,4,80,31.970168,239.99855623333335,S3F1,4
S3F1_R4,S3F14,3,Two-layer woven,1,Activated carbon,4,150,42.860626,239.99855623333335,S3F1,4
S3F1_R4,S3F14,3,Two-layer woven,1,Activated carbon,4,250,50.036545,239.99855623333335,S3F1,4
S3F1_R4,S3F14,3,Two-layer woven,1,Activated carbon,4,300,52.671496,239.99855623333335,S3F1,4
S3F1_R4,S3F14,3,Two-layer woven,1,Activated carbon,4,400,51.396364,239.99855623333335,S3F1,4
S3F1_R5,S3F15,3,Two-layer woven,1,Activated carbon,5,30,13.602338,226.66321466666662,S3F1,5
S3F1_R5,S3F15,3,Two-layer woven,1,Activated carbon,5,40,18.318786,226.66321466666662,S3F1,5
S3F1_R5,S3F15,3,Two-layer woven,1,Activated carbon,5,60,26.860854,226.66321466666662,S3F1,5
S3F1_R5,S3F15,3,Two-layer woven,1,Activated carbon,5,80,31.862155,226.66321466666662,S3F1,5
S3F1_R5,S3F15,3,Two-layer woven,1,Activated carbon,5,150,45.587212,226.66321466666662,S3F1,5
S3F1_R5,S3F15,3,Two-layer woven,1,Activated carbon,5,250,52.748727,226.66321466666662,S3F1,5
S3F1_R5,S3F15,3,Two-layer woven,1,Activated carbon,5,300,54.807363,226.66321466666662,S3F1,5
S3F1_R5,S3F15,3,Two-layer woven,1,Activated carbon,5,400,53.331894,226.66321466666662,S3F1,5
S3F2_R1,S3F21,3,Two-layer woven,2,Meltblown,1,30,5.805649,310.38461051666667,S3F2,1
S3F2_R1,S3F21,3,Two-layer woven,2,Meltblown,1,40,8.189894,310.38461051666667,S3F2,1
S3F2_R1,S3F21,3,Two-layer woven,2,Meltblown,1,60,9.582989,310.38461051666667,S3F2,1
S3F2_R1,S3F21,3,Two-layer woven,2,Meltblown,1,80,9.165866,310.38461051666667,S3F2,1
S3F2_R1,S3F21,3,Two-layer woven,2,Meltblown,1,150,7.006506,310.38461051666667,S3F2,1
S3F2_R1,S3F21,3,Two-layer woven,2,Meltblown,1,250,5.101472,310.38461051666667,S3F2,1
S3F2_R1,S3F21,3,Two-layer woven,2,Meltblown,1,300,4.368535,310.38461051666667,S3F2,1
S3F2_R1,S3F21,3,Two-layer woven,2,Meltblown,1,400,3.262423,310.38461051666667,S3F2,1
S3F2_R2,S3F22,3,Two-layer woven,2,Meltblown,2,30,8.685125,284.27045193333333,S3F2,2
S3F2_R2,S3F22,3,Two-layer woven,2,Meltblown,2,40,10.791434,284.27045193333333,S3F2,2
S3F2_R2,S3F22,3,Two-layer woven,2,Meltblown,2,60,11.590683,284.27045193333333,S3F2,2
S3F2_R2,S3F22,3,Two-layer woven,2,Meltblown,2,80,10.203455,284.27045193333333,S3F2,2
S3F2_R2,S3F22,3,Two-layer woven,2,Meltblown,2,150,7.270003,284.27045193333333,S3F2,2
S3F2_R2,S3F22,3,Two-layer woven,2,Meltblown,2,250,5.416867,284.27045193333333,S3F2,2
S3F2_R2,S3F22,3,Two-layer woven,2,Meltblown,2,300,4.661664,284.27045193333333,S3F2,2
S3F2_R2,S3F22,3,Two-layer woven,2,Meltblown,2,400,3.384115,284.27045193333333,S3F2,2
S3F2_R3,S3F23,3,Two-layer woven,2,Meltblown,3,30,7.756918,276.51261411666667,S3F2,3
S3F2_R3,S3F23,3,Two-layer woven,2,Meltblown,3,40,10.364896,276.51261411666667,S3F2,3
S3F2_R3,S3F23,3,Two-layer woven,2,Meltblown,3,60,11.739631,276.51261411666667,S3F2,3
S3F2_R3,S3F23,3,Two-layer woven,2,Meltblown,3,80,11.23775,276.51261411666667,S3F2,3
S3F2_R3,S3F23,3,Two-layer woven,2,Meltblown,3,150,8.445378,276.51261411666667,S3F2,3
S3F2_R3,S3F23,3,Two-layer woven,2,Meltblown,3,250,6.242625,276.51261411666667,S3F2,3
S3F2_R3,S3F23,3,Two-layer woven,2,Meltblown,3,300,5.44265,276.51261411666667,S3F2,3
S3F2_R3,S3F23,3,Two-layer woven,2,Meltblown,3,400,4.028925,276.51261411666667,S3F2,3
S3F2_R4,S3F24,3,Two-layer woven,2,Meltblown,4,30,8.845623,286.28652544999994,S3F2,4
S3F2_R4,S3F24,3,Two-layer woven,2,Meltblown,4,40,11.202477,286.28652544999994,S3F2,4
S3F2_R4,S3F24,3,Two-layer woven,2,Meltblown,4,60,11.855888,286.28652544999994,S3F2,4
S3F2_R4,S3F24,3,Two-layer woven,2,Meltblown,4,80,11.503256,286.28652544999994,S3F2,4
S3F2_R4,S3F24,3,Two-layer woven,2,Meltblown,4,150,9.00378,286.28652544999994,S3F2,4
S3F2_R4,S3F24,3,Two-layer woven,2,Meltblown,4,250,7.105201,286.28652544999994,S3F2,4
S3F2_R4,S3F24,3,Two-layer woven,2,Meltblown,4,300,6.161893,286.28652544999994,S3F2,4
S3F2_R4,S3F24,3,Two-layer woven,2,Meltblown,4,400,4.628586,286.28652544999994,S3F2,4
S3F2_R5,S3F25,3,Two-layer woven,2,Meltblown,5,30,6.955057,300.2870813833334,S3F2,5
S3F2_R5,S3F25,3,Two-layer woven,2,Meltblown,5,40,9.281632,300.2870813833334,S3F2,5
S3F2_R5,S3F25,3,Two-layer woven,2,Meltblown,5,60,10.83656,300.2870813833334,S3F2,5
S3F2_R5,S3F25,3,Two-layer woven,2,Meltblown,5,80,9.763537,300.2870813833334,S3F2,5
S3F2_R5,S3F25,3,Two-layer woven,2,Meltblown,5,150,7.847397,300.2870813833334,S3F2,5
S3F2_R5,S3F25,3,Two-layer woven,2,Meltblown,5,250,6.05621,300.2870813833334,S3F2,5
S3F2_R5,S3F25,3,Two-layer woven,2,Meltblown,5,300,5.222244,300.2870813833334,S3F2,5
S3F2_R5,S3F25,3,Two-layer woven,2,Meltblown,5,400,3.867491,300.2870813833334,S3F2,5
S3F3_R1,S3F31,3,Two-layer woven,3,Glass fiber,1,30,1.612842,332.36528719999995,S3F3,1
S3F3_R1,S3F31,3,Two-layer woven,3,Glass fiber,1,40,3.076541,332.36528719999995,S3F3,1
S3F3_R1,S3F31,3,Two-layer woven,3,Glass fiber,1,60,7.556631,332.36528719999995,S3F3,1
S3F3_R1,S3F31,3,Two-layer woven,3,Glass fiber,1,80,8.464932,332.36528719999995,S3F3,1
S3F3_R1,S3F31,3,Two-layer woven,3,Glass fiber,1,150,14.993703,332.36528719999995,S3F3,1
S3F3_R1,S3F31,3,Two-layer woven,3,Glass fiber,1,250,13.320218,332.36528719999995,S3F3,1
S3F3_R1,S3F31,3,Two-layer woven,3,Glass fiber,1,300,11.524843,332.36528719999995,S3F3,1
S3F3_R1,S3F31,3,Two-layer woven,3,Glass fiber,1,400,8.375376,332.36528719999995,S3F3,1
S3F3_R2,S3F32,3,Two-layer woven,3,Glass fiber,2,30,2.521874,330.03703691666664,S3F3,2
S3F3_R2,S3F32,3,Two-layer woven,3,Glass fiber,2,40,3.757828,330.03703691666664,S3F3,2
S3F3_R2,S3F32,3,Two-layer woven,3,Glass fiber,2,60,7.362209,330.03703691666664,S3F3,2
S3F3_R2,S3F32,3,Two-layer woven,3,Glass fiber,2,80,9.931675,330.03703691666664,S3F3,2
S3F3_R2,S3F32,3,Two-layer woven,3,Glass fiber,2,150,14.871873,330.03703691666664,S3F3,2
S3F3_R2,S3F32,3,Two-layer woven,3,Glass fiber,2,250,12.924927,330.03703691666664,S3F3,2
S3F3_R2,S3F32,3,Two-layer woven,3,Glass fiber,2,300,11.340922,330.03703691666664,S3F3,2
S3F3_R2,S3F32,3,Two-layer woven,3,Glass fiber,2,400,8.793024,330.03703691666664,S3F3,2
S3F3_R3,S3F33,3,Two-layer woven,3,Glass fiber,3,30,3.306497,327.3282201833333,S3F3,3
S3F3_R3,S3F33,3,Two-layer woven,3,Glass fiber,3,40,4.136186,327.3282201833333,S3F3,3
S3F3_R3,S3F33,3,Two-layer woven,3,Glass fiber,3,60,6.964191,327.3282201833333,S3F3,3
S3F3_R3,S3F33,3,Two-layer woven,3,Glass fiber,3,80,9.020726,327.3282201833333,S3F3,3
S3F3_R3,S3F33,3,Two-layer woven,3,Glass fiber,3,150,12.82042,327.3282201833333,S3F3,3
S3F3_R3,S3F33,3,Two-layer woven,3,Glass fiber,3,250,12.16811,327.3282201833333,S3F3,3
S3F3_R3,S3F33,3,Two-layer woven,3,Glass fiber,3,300,10.979981,327.3282201833333,S3F3,3
S3F3_R3,S3F33,3,Two-layer woven,3,Glass fiber,3,400,8.810897,327.3282201833333,S3F3,3
S3F3_R4,S3F34,3,Two-layer woven,3,Glass fiber,4,30,3.805148,311.61043551666666,S3F3,4
S3F3_R4,S3F34,3,Two-layer woven,3,Glass fiber,4,40,4.694625,311.61043551666666,S3F3,4
S3F3_R4,S3F34,3,Two-layer woven,3,Glass fiber,4,60,7.368976,311.61043551666666,S3F3,4
S3F3_R4,S3F34,3,Two-layer woven,3,Glass fiber,4,80,9.177152,311.61043551666666,S3F3,4
S3F3_R4,S3F34,3,Two-layer woven,3,Glass fiber,4,150,12.908544,311.61043551666666,S3F3,4
S3F3_R4,S3F34,3,Two-layer woven,3,Glass fiber,4,250,11.603793,311.61043551666666,S3F3,4
S3F3_R4,S3F34,3,Two-layer woven,3,Glass fiber,4,300,10.472517,311.61043551666666,S3F3,4
S3F3_R4,S3F34,3,Two-layer woven,3,Glass fiber,4,400,8.405621,311.61043551666666,S3F3,4
S3F3_R5,S3F35,3,Two-layer woven,3,Glass fiber,5,30,1.132631,357.54373269999996,S3F3,5
S3F3_R5,S3F35,3,Two-layer woven,3,Glass fiber,5,40,2.268869,357.54373269999996,S3F3,5
S3F3_R5,S3F35,3,Two-layer woven,3,Glass fiber,5,60,5.187806,357.54373269999996,S3F3,5
S3F3_R5,S3F35,3,Two-layer woven,3,Glass fiber,5,80,7.024901,357.54373269999996,S3F3,5
S3F3_R5,S3F35,3,Two-layer woven,3,Glass fiber,5,150,10.35825,357.54373269999996,S3F3,5
S3F3_R5,S3F35,3,Two-layer woven,3,Glass fiber,5,250,9.143659,357.54373269999996,S3F3,5
S3F3_R5,S3F35,3,Two-layer woven,3,Glass fiber,5,300,8.016418,357.54373269999996,S3F3,5
S3F3_R5,S3F35,3,Two-layer woven,3,Glass fiber,5,400,5.819937,357.54373269999996,S3F3,5
S4F1_R1,S4F11,4,Two-layer spunbond,1,Activated carbon,1,30,33.449507,27.29340223333334,S4F1,1
S4F1_R1,S4F11,4,Two-layer spunbond,1,Activated carbon,1,40,41.916958,27.29340223333334,S4F1,1
S4F1_R1,S4F11,4,Two-layer spunbond,1,Activated carbon,1,60,58.060481,27.29340223333334,S4F1,1
S4F1_R1,S4F11,4,Two-layer spunbond,1,Activated carbon,1,80,67.482633,27.29340223333334,S4F1,1
S4F1_R1,S4F11,4,Two-layer spunbond,1,Activated carbon,1,150,77.518253,27.29340223333334,S4F1,1
S4F1_R1,S4F11,4,Two-layer spunbond,1,Activated carbon,1,250,89.508914,27.29340223333334,S4F1,1
S4F1_R1,S4F11,4,Two-layer spunbond,1,Activated carbon,1,300,87.793103,27.29340223333334,S4F1,1
S4F1_R1,S4F11,4,Two-layer spunbond,1,Activated carbon,1,400,86.511159,27.29340223333334,S4F1,1
S4F1_R2,S4F12,4,Two-layer spunbond,1,Activated carbon,2,30,31.607745,24.72979355,S4F1,2
S4F1_R2,S4F12,4,Two-layer spunbond,1,Activated carbon,2,40,39.56112,24.72979355,S4F1,2
S4F1_R2,S4F12,4,Two-layer spunbond,1,Activated carbon,2,60,54.373654,24.72979355,S4F1,2
S4F1_R2,S4F12,4,Two-layer spunbond,1,Activated carbon,2,80,62.682019,24.72979355,S4F1,2
S4F1_R2,S4F12,4,Two-layer spunbond,1,Activated carbon,2,150,77.106745,24.72979355,S4F1,2
S4F1_R2,S4F12,4,Two-layer spunbond,1,Activated carbon,2,250,88.682566,24.72979355,S4F1,2
S4F1_R2,S4F12,4,Two-layer spunbond,1,Activated carbon,2,300,81.874659,24.72979355,S4F1,2
S4F1_R2,S4F12,4,Two-layer spunbond,1,Activated carbon,2,400,84.928141,24.72979355,S4F1,2
S4F1_R3,S4F13,4,Two-layer spunbond,1,Activated carbon,3,30,34.180369,22.165367649999997,S4F1,3
S4F1_R3,S4F13,4,Two-layer spunbond,1,Activated carbon,3,40,41.610187,22.165367649999997,S4F1,3
S4F1_R3,S4F13,4,Two-layer spunbond,1,Activated carbon,3,60,56.524757,22.165367649999997,S4F1,3
S4F1_R3,S4F13,4,Two-layer spunbond,1,Activated carbon,3,80,62.719437,22.165367649999997,S4F1,3
S4F1_R3,S4F13,4,Two-layer spunbond,1,Activated carbon,3,150,75.572635,22.165367649999997,S4F1,3
S4F1_R3,S4F13,4,Two-layer spunbond,1,Activated carbon,3,250,86.340694,22.165367649999997,S4F1,3
S4F1_R3,S4F13,4,Two-layer spunbond,1,Activated carbon,3,300,79.798408,22.165367649999997,S4F1,3
S4F1_R3,S4F13,4,Two-layer spunbond,1,Activated carbon,3,400,86.831042,22.165367649999997,S4F1,3
S4F1_R4,S4F14,4,Two-layer spunbond,1,Activated carbon,4,30,32.842515,21.875255733333333,S4F1,4
S4F1_R4,S4F14,4,Two-layer spunbond,1,Activated carbon,4,40,40.609456,21.875255733333333,S4F1,4
S4F1_R4,S4F14,4,Two-layer spunbond,1,Activated carbon,4,60,53.271697,21.875255733333333,S4F1,4
S4F1_R4,S4F14,4,Two-layer spunbond,1,Activated carbon,4,80,65.396037,21.875255733333333,S4F1,4
S4F1_R4,S4F14,4,Two-layer spunbond,1,Activated carbon,4,150,73.036275,21.875255733333333,S4F1,4
S4F1_R4,S4F14,4,Two-layer spunbond,1,Activated carbon,4,250,85.10625,21.875255733333333,S4F1,4
S4F1_R4,S4F14,4,Two-layer spunbond,1,Activated carbon,4,300,87.530259,21.875255733333333,S4F1,4
S4F1_R4,S4F14,4,Two-layer spunbond,1,Activated carbon,4,400,85.671075,21.875255733333333,S4F1,4
S4F1_R5,S4F15,4,Two-layer spunbond,1,Activated carbon,5,30,31.482297,21.898955016666665,S4F1,5
S4F1_R5,S4F15,4,Two-layer spunbond,1,Activated carbon,5,40,40.206449,21.898955016666665,S4F1,5
S4F1_R5,S4F15,4,Two-layer spunbond,1,Activated carbon,5,60,55.413516,21.898955016666665,S4F1,5
S4F1_R5,S4F15,4,Two-layer spunbond,1,Activated carbon,5,80,63.055757,21.898955016666665,S4F1,5
S4F1_R5,S4F15,4,Two-layer spunbond,1,Activated carbon,5,150,77.280534,21.898955016666665,S4F1,5
S4F1_R5,S4F15,4,Two-layer spunbond,1,Activated carbon,5,250,80.176024,21.898955016666665,S4F1,5
S4F1_R5,S4F15,4,Two-layer spunbond,1,Activated carbon,5,300,96.846906,21.898955016666665,S4F1,5
S4F1_R5,S4F15,4,Two-layer spunbond,1,Activated carbon,5,400,86.903525,21.898955016666665,S4F1,5
S4F2_R1,S4F21,4,Two-layer spunbond,2,Meltblown,1,30,6.983660999999998,86.03493623333333,S4F2,1
S4F2_R1,S4F21,4,Two-layer spunbond,2,Meltblown,1,40,8.997191999999998,86.03493623333333,S4F2,1
S4F2_R1,S4F21,4,Two-layer spunbond,2,Meltblown,1,60,9.722301000000002,86.03493623333333,S4F2,1
S4F2_R1,S4F21,4,Two-layer spunbond,2,Meltblown,1,80,8.711847000000006,86.03493623333333,S4F2,1
S4F2_R1,S4F21,4,Two-layer spunbond,2,Meltblown,1,150,6.533032000000006,86.03493623333333,S4F2,1
S4F2_R1,S4F21,4,Two-layer spunbond,2,Meltblown,1,250,5.977324999999993,86.03493623333333,S4F2,1
S4F2_R1,S4F21,4,Two-layer spunbond,2,Meltblown,1,300,6.114399000000006,86.03493623333333,S4F2,1
S4F2_R1,S4F21,4,Two-layer spunbond,2,Meltblown,1,400,6.934876000000003,86.03493623333333,S4F2,1
S4F2_R2,S4F22,4,Two-layer spunbond,2,Meltblown,2,30,8.692504,73.20218291666664,S4F2,2
S4F2_R2,S4F22,4,Two-layer spunbond,2,Meltblown,2,40,10.59092699999999,73.20218291666664,S4F2,2
S4F2_R2,S4F22,4,Two-layer spunbond,2,Meltblown,2,60,10.923389,73.20218291666664,S4F2,2
S4F2_R2,S4F22,4,Two-layer spunbond,2,Meltblown,2,80,9.989751999999996,73.20218291666664,S4F2,2
S4F2_R2,S4F22,4,Two-layer spunbond,2,Meltblown,2,150,7.686498999999998,73.20218291666664,S4F2,2
S4F2_R2,S4F22,4,Two-layer spunbond,2,Meltblown,2,250,7.184894,73.20218291666664,S4F2,2
S4F2_R2,S4F22,4,Two-layer spunbond,2,Meltblown,2,300,7.241784999999993,73.20218291666664,S4F2,2
S4F2_R2,S4F22,4,Two-layer spunbond,2,Meltblown,2,400,8.046041000000002,73.20218291666664,S4F2,2
S4F2_R3,S4F23,4,Two-layer spunbond,2,Meltblown,3,30,7.387432000000004,78.81482698333332,S4F2,3
S4F2_R3,S4F23,4,Two-layer spunbond,2,Meltblown,3,40,9.530922000000004,78.81482698333332,S4F2,3
S4F2_R3,S4F23,4,Two-layer spunbond,2,Meltblown,3,60,10.32910699999999,78.81482698333332,S4F2,3
S4F2_R3,S4F23,4,Two-layer spunbond,2,Meltblown,3,80,9.445721000000006,78.81482698333332,S4F2,3
S4F2_R3,S4F23,4,Two-layer spunbond,2,Meltblown,3,150,7.007424,78.81482698333332,S4F2,3
S4F2_R3,S4F23,4,Two-layer spunbond,2,Meltblown,3,250,6.230866000000006,78.81482698333332,S4F2,3
S4F2_R3,S4F23,4,Two-layer spunbond,2,Meltblown,3,300,6.362966999999998,78.81482698333332,S4F2,3
S4F2_R3,S4F23,4,Two-layer spunbond,2,Meltblown,3,400,7.149365000000003,78.81482698333332,S4F2,3
S4F2_R4,S4F24,4,Two-layer spunbond,2,Meltblown,4,30,8.484009,75.03846876666667,S4F2,4
S4F2_R4,S4F24,4,Two-layer spunbond,2,Meltblown,4,40,10.420395,75.03846876666667,S4F2,4
S4F2_R4,S4F24,4,Two-layer spunbond,2,Meltblown,4,60,10.77861300000001,75.03846876666667,S4F2,4
S4F2_R4,S4F24,4,Two-layer spunbond,2,Meltblown,4,80,9.797037000000005,75.03846876666667,S4F2,4
S4F2_R4,S4F24,4,Two-layer spunbond,2,Meltblown,4,150,7.433259000000007,75.03846876666667,S4F2,4
S4F2_R4,S4F24,4,Two-layer spunbond,2,Meltblown,4,250,7.005295000000004,75.03846876666667,S4F2,4
S4F2_R4,S4F24,4,Two-layer spunbond,2,Meltblown,4,300,7.123475999999997,75.03846876666667,S4F2,4
S4F2_R4,S4F24,4,Two-layer spunbond,2,Meltblown,4,400,7.928214999999994,75.03846876666667,S4F2,4
S4F2_R5,S4F25,4,Two-layer spunbond,2,Meltblown,5,30,8.530293,79.41302958333333,S4F2,5
S4F2_R5,S4F25,4,Two-layer spunbond,2,Meltblown,5,40,10.504294,79.41302958333333,S4F2,5
S4F2_R5,S4F25,4,Two-layer spunbond,2,Meltblown,5,60,10.911748,79.41302958333333,S4F2,5
S4F2_R5,S4F25,4,Two-layer spunbond,2,Meltblown,5,80,10.01167599999999,79.41302958333333,S4F2,5
S4F2_R5,S4F25,4,Two-layer spunbond,2,Meltblown,5,150,7.769777000000005,79.41302958333333,S4F2,5
S4F2_R5,S4F25,4,Two-layer spunbond,2,Meltblown,5,250,7.119336000000004,79.41302958333333,S4F2,5
S4F2_R5,S4F25,4,Two-layer spunbond,2,Meltblown,5,300,7.234375999999997,79.41302958333333,S4F2,5
S4F2_R5,S4F25,4,Two-layer spunbond,2,Meltblown,5,400,8.067971999999997,79.41302958333333,S4F2,5
S4F3_R1,S4F31,4,Two-layer spunbond,3,Glass fiber,1,30,2.302123,147.87617305,S4F3,1
S4F3_R1,S4F31,4,Two-layer spunbond,3,Glass fiber,1,40,4.650633,147.87617305,S4F3,1
S4F3_R1,S4F31,4,Two-layer spunbond,3,Glass fiber,1,60,11.103584,147.87617305,S4F3,1
S4F3_R1,S4F31,4,Two-layer spunbond,3,Glass fiber,1,80,15.221874,147.87617305,S4F3,1
S4F3_R1,S4F31,4,Two-layer spunbond,3,Glass fiber,1,150,21.135155,147.87617305,S4F3,1
S4F3_R1,S4F31,4,Two-layer spunbond,3,Glass fiber,1,250,16.611146,147.87617305,S4F3,1
S4F3_R1,S4F31,4,Two-layer spunbond,3,Glass fiber,1,300,14.256469,147.87617305,S4F3,1
S4F3_R1,S4F31,4,Two-layer spunbond,3,Glass fiber,1,400,10.374786,147.87617305,S4F3,1
S4F3_R2,S4F32,4,Two-layer spunbond,3,Glass fiber,2,30,2.748161,159.4013797,S4F3,2
S4F3_R2,S4F32,4,Two-layer spunbond,3,Glass fiber,2,40,5.219318,159.4013797,S4F3,2
S4F3_R2,S4F32,4,Two-layer spunbond,3,Glass fiber,2,60,11.993322,159.4013797,S4F3,2
S4F3_R2,S4F32,4,Two-layer spunbond,3,Glass fiber,2,80,16.210623,159.4013797,S4F3,2
S4F3_R2,S4F32,4,Two-layer spunbond,3,Glass fiber,2,150,21.190392,159.4013797,S4F3,2
S4F3_R2,S4F32,4,Two-layer spunbond,3,Glass fiber,2,250,17.167662,159.4013797,S4F3,2
S4F3_R2,S4F32,4,Two-layer spunbond,3,Glass fiber,2,300,14.799996,159.4013797,S4F3,2
S4F3_R2,S4F32,4,Two-layer spunbond,3,Glass fiber,2,400,11.061909,159.4013797,S4F3,2
S4F3_R3,S4F33,4,Two-layer spunbond,3,Glass fiber,3,30,2.15578,153.54602228333334,S4F3,3
S4F3_R3,S4F33,4,Two-layer spunbond,3,Glass fiber,3,40,4.353518,153.54602228333334,S4F3,3
S4F3_R3,S4F33,4,Two-layer spunbond,3,Glass fiber,3,60,9.71423,153.54602228333334,S4F3,3
S4F3_R3,S4F33,4,Two-layer spunbond,3,Glass fiber,3,80,14.691065,153.54602228333334,S4F3,3
S4F3_R3,S4F33,4,Two-layer spunbond,3,Glass fiber,3,150,19.493444,153.54602228333334,S4F3,3
S4F3_R3,S4F33,4,Two-layer spunbond,3,Glass fiber,3,250,15.63755,153.54602228333334,S4F3,3
S4F3_R3,S4F33,4,Two-layer spunbond,3,Glass fiber,3,300,13.334211,153.54602228333334,S4F3,3
S4F3_R3,S4F33,4,Two-layer spunbond,3,Glass fiber,3,400,9.485702,153.54602228333334,S4F3,3
S4F3_R4,S4F34,4,Two-layer spunbond,3,Glass fiber,4,30,2.003166,157.1556683,S4F3,4
S4F3_R4,S4F34,4,Two-layer spunbond,3,Glass fiber,4,40,4.243951,157.1556683,S4F3,4
S4F3_R4,S4F34,4,Two-layer spunbond,3,Glass fiber,4,60,9.890443,157.1556683,S4F3,4
S4F3_R4,S4F34,4,Two-layer spunbond,3,Glass fiber,4,80,14.586996,157.1556683,S4F3,4
S4F3_R4,S4F34,4,Two-layer spunbond,3,Glass fiber,4,150,18.925813,157.1556683,S4F3,4
S4F3_R4,S4F34,4,Two-layer spunbond,3,Glass fiber,4,250,15.193612,157.1556683,S4F3,4
S4F3_R4,S4F34,4,Two-layer spunbond,3,Glass fiber,4,300,12.9383,157.1556683,S4F3,4
S4F3_R4,S4F34,4,Two-layer spunbond,3,Glass fiber,4,400,9.121297,157.1556683,S4F3,4
S4F3_R5,S4F35,4,Two-layer spunbond,3,Glass fiber,5,30,2.132606,153.32455656666664,S4F3,5
S4F3_R5,S4F35,4,Two-layer spunbond,3,Glass fiber,5,40,4.238568,153.32455656666664,S4F3,5
S4F3_R5,S4F35,4,Two-layer spunbond,3,Glass fiber,5,60,9.616444,153.32455656666664,S4F3,5
S4F3_R5,S4F35,4,Two-layer spunbond,3,Glass fiber,5,80,13.804797,153.32455656666664,S4F3,5
S4F3_R5,S4F35,4,Two-layer spunbond,3,Glass fiber,5,150,19.081611,153.32455656666664,S4F3,5
S4F3_R5,S4F35,4,Two-layer spunbond,3,Glass fiber,5,250,15.321422,153.32455656666664,S4F3,5
S4F3_R5,S4F35,4,Two-layer spunbond,3,Glass fiber,5,300,13.067687,153.32455656666664,S4F3,5
S4F3_R5,S4F35,4,Two-layer spunbond,3,Glass fiber,5,400,9.410329,153.32455656666664,S4F3,5
